 headphone,Keyboard,microphone,microphone,playstation 
 headphone,Keyboard,microphone,microphone,playstation 
 headphone,Keyboard,microphone,microphone,playstation 
 headphone,Keyboard,microphone,microphone,playstation 
 headphone,Keyboard,microphone,microphone,playstation 
psp, dictionary,game boy,speaker,books,books
psp, dictionary,game boy,speaker,books,books
psp, dictionary,game boy,speaker,books,books
psp, dictionary,game boy,speaker,books,books
psp, dictionary,game boy,speaker,books,books
computer,Keyboard,speaker,TV
computer,Keyboard,speaker,TV
computer,Keyboard,speaker,TV
computer,Keyboard,speaker,TV
computer,Keyboard,speaker,TV
computer, dictionary,watch ,TV
computer, dictionary,watch ,TV
computer, dictionary,watch ,TV
computer, dictionary,watch ,TV
computer, dictionary,watch ,TV
charger,game boy,headphone,microphone,mouse,playstation,speaker 
charger,game boy,headphone,microphone,mouse,playstation,speaker 
charger,game boy,headphone,microphone,mouse,playstation,speaker 
charger,game boy,headphone,microphone,mouse,playstation,speaker 
charger,game boy,headphone,microphone,mouse,playstation,speaker 
game boy,headphone,Keyboard,microphone,mouse,playstation,books,screen
game boy,headphone,Keyboard,microphone,mouse,playstation,books,screen
game boy,headphone,Keyboard,microphone,mouse,playstation,books,screen
game boy,headphone,Keyboard,microphone,mouse,playstation,books,screen
game boy,headphone,Keyboard,microphone,mouse,playstation,books,screen
computer,computer,psp,Keyboard,pen,watch,speaker,screen
computer,computer,psp,Keyboard,pen,watch,speaker,screen
computer,computer,psp,Keyboard,pen,watch,speaker,screen
computer,computer,psp,Keyboard,pen,watch,speaker,screen
computer,computer,psp,Keyboard,pen,watch,speaker,screen
Keyboard,Keyboard,playstation,watch,TV
Keyboard,Keyboard,playstation,watch,TV
Keyboard,Keyboard,playstation,watch,TV
Keyboard,Keyboard,playstation,watch,TV
Keyboard,Keyboard,playstation,watch,TV
 headphone
 headphone
 headphone
 headphone
 headphone
charger,psp,Keyboard,Keyboard,microphone,microphone,watch,watch ,Xbox
charger,psp,Keyboard,Keyboard,microphone,microphone,watch,watch ,Xbox
charger,psp,Keyboard,Keyboard,microphone,microphone,watch,watch ,Xbox
charger,psp,Keyboard,Keyboard,microphone,microphone,watch,watch ,Xbox
charger,psp,Keyboard,Keyboard,microphone,microphone,watch,watch ,Xbox
computer
computer
computer
computer
computer
screen
screen
screen
screen
screen
computer,psp,headphone,Keyboard,mouse,pen,TV,TV,screen
computer,psp,headphone,Keyboard,mouse,pen,TV,TV,screen
computer,psp,headphone,Keyboard,mouse,pen,TV,TV,screen
computer,psp,headphone,Keyboard,mouse,pen,TV,TV,screen
computer,psp,headphone,Keyboard,mouse,pen,TV,TV,screen
psp, dictionary, dresses,Xbox
psp, dictionary, dresses,Xbox
psp, dictionary, dresses,Xbox
psp, dictionary, dresses,Xbox
psp, dictionary, dresses,Xbox
game boy,game boy,microphone,pen,watch,watch ,TV
game boy,game boy,microphone,pen,watch,watch ,TV
game boy,game boy,microphone,pen,watch,watch ,TV
game boy,game boy,microphone,pen,watch,watch ,TV
game boy,game boy,microphone,pen,watch,watch ,TV
Keyboard
Keyboard
Keyboard
Keyboard
Keyboard
charger,computer,psp, dictionary,microphone,watch,speaker,TV
charger,computer,psp, dictionary,microphone,watch,speaker,TV
charger,computer,psp, dictionary,microphone,watch,speaker,TV
charger,computer,psp, dictionary,microphone,watch,speaker,TV
charger,computer,psp, dictionary,microphone,watch,speaker,TV
charger,charger,mouse
charger,charger,mouse
charger,charger,mouse
charger,charger,mouse
charger,charger,mouse
Xbox
Xbox
Xbox
Xbox
Xbox
psp, dictionary,microphone,mouse,TV,books,books,Xbox,screen
psp, dictionary,microphone,mouse,TV,books,books,Xbox,screen
psp, dictionary,microphone,mouse,TV,books,books,Xbox,screen
psp, dictionary,microphone,mouse,TV,books,books,Xbox,screen
psp, dictionary,microphone,mouse,TV,books,books,Xbox,screen
charger,charger,charger,computer, dresses,watch,books
charger,charger,charger,computer, dresses,watch,books
charger,charger,charger,computer, dresses,watch,books
charger,charger,charger,computer, dresses,watch,books
charger,charger,charger,computer, dresses,watch,books
 headphone, headphone,game boy,headphone
 headphone, headphone,game boy,headphone
 headphone, headphone,game boy,headphone
 headphone, headphone,game boy,headphone
 headphone, headphone,game boy,headphone
charger, dictionary, dictionary,game boy,watch,speaker ,Xbox,screen
charger, dictionary, dictionary,game boy,watch,speaker ,Xbox,screen
charger, dictionary, dictionary,game boy,watch,speaker ,Xbox,screen
charger, dictionary, dictionary,game boy,watch,speaker ,Xbox,screen
charger, dictionary, dictionary,game boy,watch,speaker ,Xbox,screen
 headphone,headphone,microphone
 headphone,headphone,microphone
 headphone,headphone,microphone
 headphone,headphone,microphone
 headphone,headphone,microphone
 headphone,headphone,watch,speaker
 headphone,headphone,watch,speaker
 headphone,headphone,watch,speaker
 headphone,headphone,watch,speaker
 iphone,headphone,watch,speaker
charger,Keyboard,mouse, dresses,TV,books,Xbox,Xbox
charger,Keyboard,mouse, dresses,TV,books,Xbox,Xbox
charger,Keyboard,mouse, dresses,TV,books,Xbox,Xbox
charger,Keyboard,mouse, dresses,TV,books,Xbox,Xbox
charger,Keyboard,mouse, dresses,TV,books,Xbox,Xbox
charger,charger,psp, dictionary,Keyboard,microphone,microphone,TV,screen,screen
charger,charger,psp, dictionary,Keyboard,microphone,microphone,TV,screen,screen
charger,charger,psp, dictionary,Keyboard,microphone,microphone,TV,screen,screen
charger,charger,psp, dictionary,Keyboard,microphone,microphone,TV,screen,screen
charger,charger,psp, dictionary,Keyboard,microphone,microphone,TV,screen,screen
 iphone,headphone,playstation
 iphone,headphone,playstation
 iphone,headphone,playstation
 iphone,headphone,playstation
 iphone,headphone,playstation
pen,TV
pen,TV
pen,TV
pen,TV
pen,TV
 dictionary,pen
 dictionary,pen
 dictionary,pen
 dictionary,pen
 dictionary,pen
charger,psp, dictionary,microphone, dresses,TV,TV,books
charger,psp, dictionary,microphone, dresses,TV,TV,books
charger,psp, dictionary,microphone, dresses,TV,TV,books
charger,psp, dictionary,microphone, dresses,TV,TV,books
charger,psp, dictionary,microphone, dresses,TV,TV,books
charger,psp, iphone,headphone, dresses,speaker,screen
charger,psp, iphone,headphone, dresses,speaker,screen
charger,psp, iphone,headphone, dresses,speaker,screen
charger,psp, iphone,headphone, dresses,speaker,screen
charger,psp, iphone,headphone, dresses,speaker,screen
psp, dresses
psp, dresses
psp, dresses
psp, dresses
psp, dresses
 iphone, dictionary,watch,books,screen
 iphone, dictionary,watch,books,screen
 iphone, dictionary,watch,books,screen
 iphone, dictionary,watch,books,screen
 iphone, dictionary,watch,books,screen
headphone,headphone,Keyboard,mouse ,TV,TV,Xbox
headphone,headphone,Keyboard,mouse ,TV,TV,Xbox
headphone,headphone,Keyboard,mouse ,TV,TV,Xbox
headphone,headphone,Keyboard,mouse ,TV,TV,Xbox
headphone,headphone,Keyboard,mouse ,TV,TV,Xbox
 dictionary
 dictionary
 dictionary
 dictionary
 dictionary
headphone,headphone,Xbox
headphone,headphone,Xbox
headphone,headphone,Xbox
headphone,headphone,Xbox
headphone,headphone,Xbox
 iphone,pen,books
 iphone,pen,books
 iphone,pen,books
 iphone,pen,books
 iphone,pen,books
charger,charger,computer,headphone, dresses,watch ,books
charger,charger,computer,headphone, dresses,watch ,books
charger,charger,computer,headphone, dresses,watch ,books
charger,charger,computer,headphone, dresses,watch ,books
charger,charger,computer,headphone, dresses,watch ,books
 iphone, dictionary,speaker
 iphone, dictionary,speaker
 iphone, dictionary,speaker
 iphone, dictionary,speaker
 iphone, dictionary,speaker
computer, dresses,TV
computer, dresses,TV
computer, dresses,TV
computer, dresses,TV
computer, dresses,TV
microphone ,TV,TV
microphone ,TV,TV
microphone ,TV,TV
microphone ,TV,TV
microphone ,TV,TV
psp,psp,psp, iphone, dictionary, dictionary,mouse,watch,speaker 
psp,psp,psp, iphone, dictionary, dictionary,mouse,watch,speaker 
psp,psp,psp, iphone, dictionary, dictionary,mouse,watch,speaker 
psp,psp,psp, iphone, dictionary, dictionary,mouse,watch,speaker 
psp,psp,psp, iphone, dictionary, dictionary,mouse,watch,speaker 
 iphone,game boy,headphone,Keyboard,microphone, dresses, dresses,speaker,TV,screen
 iphone,game boy,headphone,Keyboard,microphone, dresses, dresses,speaker,TV,screen
 iphone,game boy,headphone,Keyboard,microphone, dresses, dresses,speaker,TV,screen
 iphone,game boy,headphone,Keyboard,microphone, dresses, dresses,speaker,TV,screen
 iphone,game boy,headphone,Keyboard,microphone, dresses, dresses,speaker,TV,screen
 dictionary,playstation,screen
 dictionary,playstation,screen
 dictionary,playstation,screen
 dictionary,playstation,screen
 dictionary,playstation,screen
game boy, dresses
game boy, dresses
game boy, dresses
game boy, dresses
game boy, dresses
 dictionary,microphone,playstation,playstation ,screen
 dictionary,microphone,playstation,playstation ,screen
 dictionary,microphone,playstation,playstation ,screen
 dictionary,microphone,playstation,playstation ,screen
 dictionary,microphone,playstation,playstation ,screen
charger, dresses,speaker,speaker,speaker,speaker ,books
charger, dresses,speaker,speaker,speaker,speaker ,books
charger, dresses,speaker,speaker,speaker,speaker ,books
charger, dresses,speaker,speaker,speaker,speaker ,books
charger, dresses,speaker,speaker,speaker,speaker ,books
Keyboard,mouse,books
Keyboard,mouse,books
Keyboard,mouse,books
Keyboard,mouse,books
Keyboard,mouse,books
headphone,headphone,pen,screen
headphone,headphone,pen,screen
headphone,headphone,pen,screen
headphone,headphone,pen,screen
headphone,headphone,pen,screen
charger,headphone,mouse,pen, dresses,Xbox
charger,headphone,mouse,pen, dresses,Xbox
charger,headphone,mouse,pen, dresses,Xbox
charger,headphone,mouse,pen, dresses,Xbox
charger,headphone,mouse,pen, dresses,Xbox
 iphone,headphone,playstation,TV,books,Xbox,Xbox,screen
 iphone,headphone,playstation,TV,books,Xbox,Xbox,screen
 iphone,headphone,playstation,TV,books,Xbox,Xbox,screen
 iphone,headphone,playstation,TV,books,Xbox,Xbox,screen
 iphone,headphone,playstation,TV,books,Xbox,Xbox,screen
 dictionary,speaker,books
 dictionary,speaker,books
 dictionary,speaker,books
 dictionary,speaker,books
 dictionary,speaker,books
 dresses,books
 dresses,books
 dresses,books
 dresses,books
 dresses,books
 dictionary,game boy,headphone ,TV
 dictionary,game boy,headphone ,TV
 dictionary,game boy,headphone ,TV
 dictionary,game boy,headphone ,TV
 dictionary,game boy,headphone ,TV
psp,game boy,Xbox,screen
psp,game boy,Xbox,screen
psp,game boy,Xbox,screen
psp,game boy,Xbox,screen
psp,game boy,Xbox,screen
 dresses,watch
 dresses,watch
 dresses,watch
 dresses,watch
 dresses,watch
game boy
game boy
game boy
game boy
game boy
game boy,headphone,Keyboard,microphone,mouse,mouse,playstation,Xbox,Xbox
game boy,headphone,Keyboard,microphone,mouse,mouse,playstation,Xbox,Xbox
game boy,headphone,Keyboard,microphone,mouse,mouse,playstation,Xbox,Xbox
game boy,headphone,Keyboard,microphone,mouse,mouse,playstation,Xbox,Xbox
game boy,headphone,Keyboard,microphone,mouse,mouse,playstation,Xbox,Xbox
computer,computer,playstation,pen,watch,TV,Xbox
computer,computer,playstation,pen,watch,TV,Xbox
computer,computer,playstation,pen,watch,TV,Xbox
computer,computer,playstation,pen,watch,TV,Xbox
computer,computer,playstation,pen,watch,TV,Xbox
charger,computer, iphone,playstation,watch,speaker ,TV,books,Xbox
charger,computer, iphone,playstation,watch,speaker ,TV,books,Xbox
charger,computer, iphone,playstation,watch,speaker ,TV,books,Xbox
charger,computer, iphone,playstation,watch,speaker ,TV,books,Xbox
charger,computer, iphone,playstation,watch,speaker ,TV,books,Xbox
psp,microphone,mouse,playstation,TV,TV
psp,microphone,mouse,playstation,TV,TV
psp,microphone,mouse,playstation,TV,TV
psp,microphone,mouse,playstation,TV,TV
psp,microphone,mouse,playstation,TV,TV
charger,psp,headphone,mouse,playstation, dresses,screen
charger,psp,headphone,mouse,playstation, dresses,screen
charger,psp,headphone,mouse,playstation, dresses,screen
charger,psp,headphone,mouse,playstation, dresses,screen
charger,psp,headphone,mouse,playstation, dresses,screen
 dictionary, dictionary,game boy  ,screen
 dictionary, dictionary,game boy  ,screen
 dictionary, dictionary,game boy  ,screen
 dictionary, dictionary,game boy  ,screen
 dictionary, dictionary,game boy  ,screen
 iphone, dictionary,game boy,pen, dresses ,TV
 iphone, dictionary,game boy,pen, dresses ,TV
 iphone, dictionary,game boy,pen, dresses ,TV
 iphone, dictionary,game boy,pen, dresses ,TV
 iphone, dictionary,game boy,pen, dresses ,TV
 iphone, iphone, dictionary,headphone,playstation,speaker,TV,books
 iphone, iphone, dictionary,headphone,playstation,speaker,TV,books
 iphone, iphone, dictionary,headphone,playstation,speaker,TV,books
 iphone, iphone, dictionary,headphone,playstation,speaker,TV,books
 iphone, iphone, dictionary,headphone,playstation,speaker,TV,books
Keyboard
Keyboard
Keyboard
Keyboard
Keyboard
headphone,headphone,speaker,Xbox
headphone,headphone,speaker,Xbox
headphone,headphone,speaker,Xbox
headphone,headphone,speaker,Xbox
headphone,headphone,speaker,Xbox
Keyboard,mouse,pen
Keyboard,mouse,pen
Keyboard,mouse,pen
Keyboard,mouse,pen
Keyboard,mouse,pen
charger,game boy,headphone,playstation ,TV
charger,game boy,headphone,playstation ,TV
charger,game boy,headphone,playstation ,TV
charger,game boy,headphone,playstation ,TV
charger,game boy,headphone,playstation ,TV
game boy,game boy,playstation,books
game boy,game boy,playstation,books
game boy,game boy,playstation,books
game boy,game boy,playstation,books
game boy,game boy,playstation,books
computer,computer, iphone,Keyboard,pen, dresses ,books,books,books
computer,computer, iphone,Keyboard,pen, dresses ,books,books,books
computer,computer, iphone,Keyboard,pen, dresses ,books,books,books
computer,computer, iphone,Keyboard,pen, dresses ,books,books,books
computer,computer, iphone,Keyboard,pen, dresses ,books,books,books
computer,pen,TV
computer,pen,TV
computer,pen,TV
computer,pen,TV
computer,pen,TV
computer,pen, dresses, dresses,TV,books
computer,pen, dresses, dresses,TV,books
computer,pen, dresses, dresses,TV,books
computer,pen, dresses, dresses,TV,books
computer,pen, dresses, dresses,TV,books
charger,computer, iphone,playstation,pen, dresses,watch,TV
charger,computer, iphone,playstation,pen, dresses,watch,TV
charger,computer, iphone,playstation,pen, dresses,watch,TV
charger,computer, iphone,playstation,pen, dresses,watch,TV
charger,computer, iphone,playstation,pen, dresses,watch,TV
headphone,watch,speaker,books
headphone,watch,speaker,books
headphone,watch,speaker,books
headphone,watch,speaker,books
headphone,watch,speaker,books
psp
psp
psp
psp
psp
psp,headphone,microphone,speaker,speaker,TV
psp,headphone,microphone,speaker,speaker,TV
psp,headphone,microphone,speaker,speaker,TV
psp,headphone,microphone,speaker,speaker,TV
psp,headphone,microphone,speaker,speaker,TV
charger,computer,headphone,speaker ,Xbox,screen
charger,computer,headphone,speaker ,Xbox,screen
charger,computer,headphone,speaker ,Xbox,screen
charger,computer,headphone,speaker ,Xbox,screen
charger,computer,headphone,speaker ,Xbox,screen
mouse,playstation,pen,speaker
mouse,playstation,pen,speaker
mouse,playstation,pen,speaker
mouse,playstation,pen,speaker
mouse,playstation,pen,speaker
 iphone,headphone,playstation,TV,Xbox
 iphone,headphone,playstation,TV,Xbox
 iphone,headphone,playstation,TV,Xbox
 iphone,headphone,playstation,TV,Xbox
 iphone,headphone,playstation,TV,Xbox
charger, dictionary,headphone,microphone,watch,screen
charger, dictionary,headphone,microphone,watch,screen
charger, dictionary,headphone,microphone,watch,screen
charger, dictionary,headphone,microphone,watch,screen
charger, dictionary,headphone,microphone,watch,screen
psp, dictionary, dictionary,microphone,mouse,playstation,pen 
psp, dictionary, dictionary,microphone,mouse,playstation,pen 
psp, dictionary, dictionary,microphone,mouse,playstation,pen 
psp, dictionary, dictionary,microphone,mouse,playstation,pen 
psp, dictionary, dictionary,microphone,mouse,playstation,pen 
computer,Xbox
computer,Xbox
computer,Xbox
computer,Xbox
computer,Xbox
computer, dictionary,game boy,microphone,pen,pen,watch,Xbox,screen
computer, dictionary,game boy,microphone,pen,pen,watch,Xbox,screen
computer, dictionary,game boy,microphone,pen,pen,watch,Xbox,screen
computer, dictionary,game boy,microphone,pen,pen,watch,Xbox,screen
computer, dictionary,game boy,microphone,pen,pen,watch,Xbox,screen
charger, iphone,Keyboard,playstation,playstation,pen ,Xbox
charger, iphone,Keyboard,playstation,playstation,pen ,Xbox
charger, iphone,Keyboard,playstation,playstation,pen ,Xbox
charger, iphone,Keyboard,playstation,playstation,pen ,Xbox
charger, iphone,Keyboard,playstation,playstation,pen ,Xbox
charger,psp, dictionary,headphone,microphone,playstation,playstation, dresses,Xbox
charger,psp, dictionary,headphone,microphone,playstation,playstation, dresses,Xbox
charger,psp, dictionary,headphone,microphone,playstation,playstation, dresses,Xbox
charger,psp, dictionary,headphone,microphone,playstation,playstation, dresses,Xbox
charger,psp, dictionary,headphone,microphone,playstation,playstation, dresses,Xbox
playstation,watch,Xbox
playstation,watch,Xbox
playstation,watch,Xbox
playstation,watch,Xbox
playstation,watch,Xbox
computer,headphone,Keyboard,playstation,pen ,books,Xbox,screen,screen
computer,headphone,Keyboard,playstation,pen ,books,Xbox,screen,screen
computer,headphone,Keyboard,playstation,pen ,books,Xbox,screen,screen
computer,headphone,Keyboard,playstation,pen ,books,Xbox,screen,screen
computer,headphone,Keyboard,playstation,pen ,books,Xbox,screen,screen
charger,psp, dictionary,headphone,Keyboard,playstation,playstation,speaker,books
charger,psp, dictionary,headphone,Keyboard,playstation,playstation,speaker,books
charger,psp, dictionary,headphone,Keyboard,playstation,playstation,speaker,books
charger,psp, dictionary,headphone,Keyboard,playstation,playstation,speaker,books
charger,psp, dictionary,headphone,Keyboard,playstation,playstation,speaker,books
psp,mouse,mouse,speaker,books,books,Xbox,Xbox
psp,mouse,mouse,speaker,books,books,Xbox,Xbox
psp,mouse,mouse,speaker,books,books,Xbox,Xbox
psp,mouse,mouse,speaker,books,books,Xbox,Xbox
psp,mouse,mouse,speaker,books,books,Xbox,Xbox
charger, dictionary, dictionary,microphone,playstation, dresses,TV,books,books,Xbox
charger, dictionary, dictionary,microphone,playstation, dresses,TV,books,books,Xbox
charger, dictionary, dictionary,microphone,playstation, dresses,TV,books,books,Xbox
charger, dictionary, dictionary,microphone,playstation, dresses,TV,books,books,Xbox
charger, dictionary, dictionary,microphone,playstation, dresses,TV,books,books,Xbox
computer,psp,playstation,speaker 
computer,psp,playstation,speaker 
computer,psp,playstation,speaker 
computer,psp,playstation,speaker 
computer,psp,playstation,speaker 
microphone,playstation,playstation,watch,watch
microphone,playstation,playstation,watch,watch
microphone,playstation,playstation,watch,watch
microphone,playstation,playstation,watch,watch
microphone,playstation,playstation,watch,watch
charger
charger
charger
charger
charger
psp, iphone,headphone,pen, dresses
psp, iphone,headphone,pen, dresses
psp, iphone,headphone,pen, dresses
psp, iphone,headphone,pen, dresses
psp, iphone,headphone,pen, dresses
psp, dictionary,game boy,game boy,mouse,pen,pen,TV
psp, dictionary,game boy,game boy,mouse,pen,pen,TV
psp, dictionary,game boy,game boy,mouse,pen,pen,TV
psp, dictionary,game boy,game boy,mouse,pen,pen,TV
psp, dictionary,game boy,game boy,mouse,pen,pen,TV
computer,headphone,pen, dresses 
computer,headphone,pen, dresses 
computer,headphone,pen, dresses 
computer,headphone,pen, dresses 
computer,headphone,pen, dresses 
charger, dictionary,game boy,game boy,pen,speaker,speaker,TV,books
charger, dictionary,game boy,game boy,pen,speaker,speaker,TV,books
charger, dictionary,game boy,game boy,pen,speaker,speaker,TV,books
charger, dictionary,game boy,game boy,pen,speaker,speaker,TV,books
charger, dictionary,game boy,game boy,pen,speaker,speaker,TV,books
computer,game boy,microphone,pen,pen,speaker  
computer,game boy,microphone,pen,pen,speaker  
computer,game boy,microphone,pen,pen,speaker  
computer,game boy,microphone,pen,pen,speaker  
computer,game boy,microphone,pen,pen,speaker  
computer,mouse ,Xbox,Xbox,screen
computer,mouse ,Xbox,Xbox,screen
computer,mouse ,Xbox,Xbox,screen
computer,mouse ,Xbox,Xbox,screen
computer,mouse ,Xbox,Xbox,screen
charger,computer,game boy,Keyboard,pen,watch ,books
charger,computer,game boy,Keyboard,pen,watch ,books
charger,computer,game boy,Keyboard,pen,watch ,books
charger,computer,game boy,Keyboard,pen,watch ,books
charger,computer,game boy,Keyboard,pen,watch ,books
psp, dictionary,headphone,pen, dresses,speaker,speaker,speaker,speaker,speaker
psp, dictionary,headphone,pen, dresses,speaker,speaker,speaker,speaker,speaker
psp, dictionary,headphone,pen, dresses,speaker,speaker,speaker,speaker,speaker
psp, dictionary,headphone,pen, dresses,speaker,speaker,speaker,speaker,speaker
psp, dictionary,headphone,pen, dresses,speaker,speaker,speaker,speaker,speaker
 dresses, dresses, dresses,watch,books
 dresses, dresses, dresses,watch,books
 dresses, dresses, dresses,watch,books
 dresses, dresses, dresses,watch,books
 dresses, dresses, dresses,watch,books
Xbox
Xbox
Xbox
Xbox
Xbox
headphone,microphone
headphone,microphone
headphone,microphone
headphone,microphone
headphone,microphone
computer, dictionary, dictionary, dictionary,mouse,watch,speaker,speaker,books,Xbox
computer, dictionary, dictionary, dictionary,mouse,watch,speaker,speaker,books,Xbox
computer, dictionary, dictionary, dictionary,mouse,watch,speaker,speaker,books,Xbox
computer, dictionary, dictionary, dictionary,mouse,watch,speaker,speaker,books,Xbox
computer, dictionary, dictionary, dictionary,mouse,watch,speaker,speaker,books,Xbox
psp, iphone, iphone, dictionary,headphone,screen
psp, iphone, iphone, dictionary,headphone,screen
psp, iphone, iphone, dictionary,headphone,screen
psp, iphone, iphone, dictionary,headphone,screen
psp, iphone, iphone, dictionary,headphone,screen
charger,headphone,pen,Xbox
charger,headphone,pen,Xbox
charger,headphone,pen,Xbox
charger,headphone,pen,Xbox
charger,headphone,pen,Xbox
 dictionary
 dictionary
 dictionary
 dictionary
 dictionary
charger, iphone, iphone,Keyboard,mouse,playstation,pen
charger, iphone, iphone,Keyboard,mouse,playstation,pen
charger, iphone, iphone,Keyboard,mouse,playstation,pen
charger, iphone, iphone,Keyboard,mouse,playstation,pen
charger, iphone, iphone,Keyboard,mouse,playstation,pen
headphone,playstation,pen,speaker,TV,Xbox,screen
headphone,playstation,pen,speaker,TV,Xbox,screen
headphone,playstation,pen,speaker,TV,Xbox,screen
headphone,playstation,pen,speaker,TV,Xbox,screen
headphone,playstation,pen,speaker,TV,Xbox,screen
computer,game boy,mouse, dresses
computer,game boy,mouse, dresses
computer,game boy,mouse, dresses
computer,game boy,mouse, dresses
computer,game boy,mouse, dresses
charger,computer, iphone,Keyboard,microphone,watch,speaker,TV
charger,computer, iphone,Keyboard,microphone,watch,speaker,TV
charger,computer, iphone,Keyboard,microphone,watch,speaker,TV
charger,computer, iphone,Keyboard,microphone,watch,speaker,TV
charger,computer, iphone,Keyboard,microphone,watch,speaker,TV
psp, dictionary,game boy,speaker
psp, dictionary,game boy,speaker
psp, dictionary,game boy,speaker
psp, dictionary,game boy,speaker
psp, dictionary,game boy,speaker
 iphone,books,Xbox,screen
 iphone,books,Xbox,screen
 iphone,books,Xbox,screen
 iphone,books,Xbox,screen
 iphone,books,Xbox,screen
 dictionary,game boy,headphone,watch,speaker,screen
 dictionary,game boy,headphone,watch,speaker,screen
 dictionary,game boy,headphone,watch,speaker,screen
 dictionary,game boy,headphone,watch,speaker,screen
 dictionary,game boy,headphone,watch,speaker,screen
charger, dictionary,playstation,pen, dresses,speaker,TV,books,Xbox
charger, dictionary,playstation,pen, dresses,speaker,TV,books,Xbox
charger, dictionary,playstation,pen, dresses,speaker,TV,books,Xbox
charger, dictionary,playstation,pen, dresses,speaker,TV,books,Xbox
charger, dictionary,playstation,pen, dresses,speaker,TV,books,Xbox
 iphone,game boy,Keyboard,microphone,microphone,playstation ,TV
 iphone,game boy,Keyboard,microphone,microphone,playstation ,TV
 iphone,game boy,Keyboard,microphone,microphone,playstation ,TV
 iphone,game boy,Keyboard,microphone,microphone,playstation ,TV
 iphone,game boy,Keyboard,microphone,microphone,playstation ,TV
microphone, dresses,watch
microphone, dresses,watch
microphone, dresses,watch
microphone, dresses,watch
microphone, dresses,watch
 dictionary
 dictionary
 dictionary
 dictionary
 dictionary
game boy
game boy
game boy
game boy
game boy
microphone,playstation,speaker ,books,Xbox
microphone,playstation,speaker ,books,Xbox
microphone,playstation,speaker ,books,Xbox
microphone,playstation,speaker ,books,Xbox
microphone,playstation,speaker ,books,Xbox
mouse
mouse
mouse
mouse
mouse
computer,psp,microphone,microphone,pen
computer,psp,microphone,microphone,pen
computer,psp,microphone,microphone,pen
computer,psp,microphone,microphone,pen
computer,psp,microphone,microphone,pen
 iphone,Keyboard, dresses,TV
 iphone,Keyboard, dresses,TV
 iphone,Keyboard, dresses,TV
 iphone,Keyboard, dresses,TV
 iphone,Keyboard, dresses,TV
headphone,microphone,microphone,mouse,playstation,books,books,Xbox
headphone,microphone,microphone,mouse,playstation,books,books,Xbox
headphone,microphone,microphone,mouse,playstation,books,books,Xbox
headphone,microphone,microphone,mouse,playstation,books,books,Xbox
headphone,microphone,microphone,mouse,playstation,books,books,Xbox
Keyboard,microphone,watch
Keyboard,microphone,watch
Keyboard,microphone,watch
Keyboard,microphone,watch
Keyboard,microphone,watch
playstation,playstation,watch,screen
playstation,playstation,watch,screen
playstation,playstation,watch,screen
playstation,playstation,watch,screen
playstation,playstation,watch,screen
 iphone,playstation,pen, dresses, dresses 
 iphone,playstation,pen, dresses, dresses 
 iphone,playstation,pen, dresses, dresses 
 iphone,playstation,pen, dresses, dresses 
 iphone,playstation,pen, dresses, dresses 
psp, dictionary,watch
psp, dictionary,watch
psp, dictionary,watch
psp, dictionary,watch
psp, dictionary,watch
charger,psp,game boy,microphone,books
charger,psp,game boy,microphone,books
charger,psp,game boy,microphone,books
charger,psp,game boy,microphone,books
charger,psp,game boy,microphone,books
charger,psp,Keyboard,microphone,pen, dresses,TV,Xbox,Xbox
charger,psp,Keyboard,microphone,pen, dresses,TV,Xbox,Xbox
charger,psp,Keyboard,microphone,pen, dresses,TV,Xbox,Xbox
charger,psp,Keyboard,microphone,pen, dresses,TV,Xbox,Xbox
charger,psp,Keyboard,microphone,pen, dresses,TV,Xbox,Xbox
game boy,Keyboard
game boy,Keyboard
game boy,Keyboard
game boy,Keyboard
game boy,Keyboard
psp, iphone, dictionary,microphone,microphone,playstation,pen, dresses 
psp, iphone, dictionary,microphone,microphone,playstation,pen, dresses 
psp, iphone, dictionary,microphone,microphone,playstation,pen, dresses 
psp, iphone, dictionary,microphone,microphone,playstation,pen, dresses 
psp, iphone, dictionary,microphone,microphone,playstation,pen, dresses 
psp,headphone,mouse, dresses,screen
psp,headphone,mouse, dresses,screen
psp,headphone,mouse, dresses,screen
psp,headphone,mouse, dresses,screen
psp,headphone,mouse, dresses,screen
psp, iphone, dictionary, dictionary ,screen
psp, iphone, dictionary, dictionary ,screen
psp, iphone, dictionary, dictionary ,screen
psp, iphone, dictionary, dictionary ,screen
psp, iphone, dictionary, dictionary ,screen
psp,headphone,microphone,microphone 
psp,headphone,microphone,microphone 
psp,headphone,microphone,microphone 
psp,headphone,microphone,microphone 
psp,headphone,microphone,microphone 
 iphone,game boy,game boy,mouse, dresses,speaker,Xbox
 iphone,game boy,game boy,mouse, dresses,speaker,Xbox
 iphone,game boy,game boy,mouse, dresses,speaker,Xbox
 iphone,game boy,game boy,mouse, dresses,speaker,Xbox
 iphone,game boy,game boy,mouse, dresses,speaker,Xbox
charger,computer,computer, dictionary, dictionary,game boy,headphone,mouse ,Xbox
charger,computer,computer, dictionary, dictionary,game boy,headphone,mouse ,Xbox
charger,computer,computer, dictionary, dictionary,game boy,headphone,mouse ,Xbox
charger,computer,computer, dictionary, dictionary,game boy,headphone,mouse ,Xbox
charger,computer,computer, dictionary, dictionary,game boy,headphone,mouse ,Xbox
 iphone, dictionary,game boy,headphone,microphone,microphone,playstation,playstation,screen
 iphone, dictionary,game boy,headphone,microphone,microphone,playstation,playstation,screen
 iphone, dictionary,game boy,headphone,microphone,microphone,playstation,playstation,screen
 iphone, dictionary,game boy,headphone,microphone,microphone,playstation,playstation,screen
 iphone, dictionary,game boy,headphone,microphone,microphone,playstation,playstation,screen
 iphone, dictionary,mouse, dresses 
 iphone, dictionary,mouse, dresses 
 iphone, dictionary,mouse, dresses 
 iphone, dictionary,mouse, dresses 
 iphone, dictionary,mouse, dresses 
psp
psp
psp
psp
psp
psp, iphone,pen, dresses,watch,TV,books
psp, iphone,pen, dresses,watch,TV,books
psp, iphone,pen, dresses,watch,TV,books
psp, iphone,pen, dresses,watch,TV,books
psp, iphone,pen, dresses,watch,TV,books
computer,speaker 
computer,speaker 
computer,speaker 
computer,speaker 
computer,speaker 
charger, iphone, iphone, dictionary,game boy,game boy,headphone,speaker ,Xbox
charger, iphone, iphone, dictionary,game boy,game boy,headphone,speaker ,Xbox
charger, iphone, iphone, dictionary,game boy,game boy,headphone,speaker ,Xbox
charger, iphone, iphone, dictionary,game boy,game boy,headphone,speaker ,Xbox
charger, iphone, iphone, dictionary,game boy,game boy,headphone,speaker ,Xbox
 iphone,playstation,watch
 iphone,playstation,watch
 iphone,playstation,watch
 iphone,playstation,watch
 iphone,playstation,watch
headphone,headphone,Keyboard,playstation,pen,watch,watch,TV,screen,screen
headphone,headphone,Keyboard,playstation,pen,watch,watch,TV,screen,screen
headphone,headphone,Keyboard,playstation,pen,watch,watch,TV,screen,screen
headphone,headphone,Keyboard,playstation,pen,watch,watch,TV,screen,screen
headphone,headphone,Keyboard,playstation,pen,watch,watch,TV,screen,screen
charger,psp, iphone,microphone,pen,speaker,books,screen,screen
charger,psp, iphone,microphone,pen,speaker,books,screen,screen
charger,psp, iphone,microphone,pen,speaker,books,screen,screen
charger,psp, iphone,microphone,pen,speaker,books,screen,screen
charger,psp, iphone,microphone,pen,speaker,books,screen,screen
charger,psp,psp,game boy,game boy,game boy,headphone,playstation,watch
charger,psp,psp,game boy,game boy,game boy,headphone,playstation,watch
charger,psp,psp,game boy,game boy,game boy,headphone,playstation,watch
charger,psp,psp,game boy,game boy,game boy,headphone,playstation,watch
charger,psp,psp,game boy,game boy,game boy,headphone,playstation,watch
computer,headphone,books
computer,headphone,books
computer,headphone,books
computer,headphone,books
computer,headphone,books
 iphone,game boy,microphone,pen
 iphone,game boy,microphone,pen
 iphone,game boy,microphone,pen
 iphone,game boy,microphone,pen
 iphone,game boy,microphone,pen
computer, iphone,game boy,mouse,playstation  ,TV,TV,screen
computer, iphone,game boy,mouse,playstation  ,TV,TV,screen
computer, iphone,game boy,mouse,playstation  ,TV,TV,screen
computer, iphone,game boy,mouse,playstation  ,TV,TV,screen
computer, earphone,game boy,mouse,playstation  ,TV,TV,screen
 earphone,Keyboard,microphone,playstation, dresses,watch ,TV,Xbox,screen
 earphone,Keyboard,microphone,playstation, dresses,watch ,TV,Xbox,screen
 earphone,Keyboard,microphone,playstation, dresses,watch ,TV,Xbox,screen
 earphone,Keyboard,microphone,playstation, dresses,watch ,TV,Xbox,screen
 earphone,Keyboard,microphone,playstation, dresses,watch ,TV,Xbox,screen
charger,psp, earphone,headphone,microphone,pen, dresses,screen
charger,psp, earphone,headphone,microphone,pen, dresses,screen
charger,psp, earphone,headphone,microphone,pen, dresses,screen
charger,psp, earphone,headphone,microphone,pen, dresses,screen
charger,psp, earphone,headphone,microphone,pen, dresses,screen
 earphone, dictionary,game boy,Keyboard,Keyboard,playstation, dresses ,screen,screen